{
	"python_json": "{\n \"cells\": [\n  {\n   \"cell_type\": \"code\",\n   \"execution_count\": 99,\n   \"id\": \"fa805d0f-f5aa-44a0-86eb-807d8a8ffb61\",\n   \"metadata\": {},\n   \"outputs\": [],\n   \"source\": [\n    \"import os\\n\",\n    \"import numpy as np\\n\",\n    \"import pandas as pd\\n\",\n    \"import matplotlib.pyplot as plt\\n\",\n    \"import seaborn as sns\"\n   ]\n  },\n  {\n   \"cell_type\": \"code\",\n   \"execution_count\": 100,\n   \"id\": \"32742ad1-c021-4922-8947-4339b8910603\",\n   \"metadata\": {},\n   \"outputs\": [\n    {\n     \"data\": {\n      \"text/html\": [\n       \"<div>\\n\",\n       \"<style scoped>\\n\",\n       \"    .dataframe tbody tr th:only-of-type {\\n\",\n       \"        vertical-align: middle;\\n\",\n       \"    }\\n\",\n       \"\\n\",\n       \"    .dataframe tbody tr th {\\n\",\n       \"        vertical-align: top;\\n\",\n       \"    }\\n\",\n       \"\\n\",\n       \"    .dataframe thead th {\\n\",\n       \"        text-align: right;\\n\",\n       \"    }\\n\",\n       \"</style>\\n\",\n       \"<table border=\\\"1\\\" class=\\\"dataframe\\\">\\n\",\n       \"  <thead>\\n\",\n       \"    <tr style=\\\"text-align: right;\\\">\\n\",\n       \"      <th></th>\\n\",\n       \"      <th>Course Name</th>\\n\",\n       \"      <th>University</th>\\n\",\n       \"      <th>Difficulty Level</th>\\n\",\n       \"      <th>Course Rating</th>\\n\",\n       \"      <th>Course URL</th>\\n\",\n       \"      <th>Course Description</th>\\n\",\n       \"      <th>Skills</th>\\n\",\n       \"    </tr>\\n\",\n       \"  </thead>\\n\",\n       \"  <tbody>\\n\",\n       \"    <tr>\\n\",\n       \"      <th>0</th>\\n\",\n       \"      <td>Write A Feature Length Screenplay For Film Or ...</td>\\n\",\n       \"      <td>Michigan State University</td>\\n\",\n       \"      <td>Beginner</td>\\n\",\n       \"      <td>4.8</td>\\n\",\n       \"      <td>https://www.coursera.org/learn/write-a-feature...</td>\\n\",\n       \"      <td>Write a Full Length Feature Film Script  In th...</td>\\n\",\n       \"      <td>Drama  Comedy  peering  screenwriting  film  D...</td>\\n\",\n       \"    </tr>\\n\",\n       \"    <tr>\\n\",\n       \"      <th>1</th>\\n\",\n       \"      <td>Business Strategy: Business Model Canvas Analy...</td>\\n\",\n       \"      <td>Coursera Project Network</td>\\n\",\n       \"      <td>Beginner</td>\\n\",\n       \"      <td>4.8</td>\\n\",\n       \"      <td>https://www.coursera.org/learn/canvas-analysis...</td>\\n\",\n       \"      <td>By the end of this guided project, you will be...</td>\\n\",\n       \"      <td>Finance  business plan  persona (user experien...</td>\\n\",\n       \"    </tr>\\n\",\n       \"    <tr>\\n\",\n       \"      <th>2</th>\\n\",\n       \"      <td>Silicon Thin Film Solar Cells</td>\\n\",\n       \"      <td>\u00ef\u00bf\u00bdcole Polytechnique</td>\\n\",\n       \"      <td>Advanced</td>\\n\",\n       \"      <td>4.1</td>\\n\",\n       \"      <td>https://www.coursera.org/learn/silicon-thin-fi...</td>\\n\",\n       \"      <td>This course consists of a general presentation...</td>\\n\",\n       \"      <td>chemistry  physics  Solar Energy  film  lambda...</td>\\n\",\n       \"    </tr>\\n\",\n       \"    <tr>\\n\",\n       \"      <th>3</th>\\n\",\n       \"      <td>Finance for Managers</td>\\n\",\n       \"      <td>IESE Business School</td>\\n\",\n       \"      <td>Intermediate</td>\\n\",\n       \"      <td>4.8</td>\\n\",\n       \"      <td>https://www.coursera.org/learn/operational-fin...</td>\\n\",\n       \"      <td>When it comes to numbers, there is always more...</td>\\n\",\n       \"      <td>accounts receivable  dupont analysis  analysis...</td>\\n\",\n       \"    </tr>\\n\",\n       \"    <tr>\\n\",\n       \"      <th>4</th>\\n\",\n       \"      <td>Retrieve Data using Single-Table SQL Queries</td>\\n\",\n       \"      <td>Coursera Project Network</td>\\n\",\n       \"      <td>Beginner</td>\\n\",\n       \"      <td>4.6</td>\\n\",\n       \"      <td>https://www.coursera.org/learn/single-table-sq...</td>\\n\",\n       \"      <td>In this course you\u00ef\u00bf\u00bdll learn how to effectively...</td>\\n\",\n       \"      <td>Data Analysis  select (sql)  database manageme...</td>\\n\",\n       \"    </tr>\\n\",\n       \"  </tbody>\\n\",\n       \"</table>\\n\",\n       \"</div>\"\n      ],\n      \"text/plain\": [\n       \"                                         Course Name  \\\\\\n\",\n       \"0  Write A Feature Length Screenplay For Film Or ...   \\n\",\n       \"1  Business Strategy: Business Model Canvas Analy...   \\n\",\n       \"2                      Silicon Thin Film Solar Cells   \\n\",\n       \"3                               Finance for Managers   \\n\",\n       \"4       Retrieve Data using Single-Table SQL Queries   \\n\",\n       \"\\n\",\n       \"                  University Difficulty Level Course Rating  \\\\\\n\",\n       \"0  Michigan State University         Beginner           4.8   \\n\",\n       \"1   Coursera Project Network         Beginner           4.8   \\n\",\n       \"2        \u00ef\u00bf\u00bdcole Polytechnique         Advanced           4.1   \\n\",\n       \"3       IESE Business School     Intermediate           4.8   \\n\",\n       \"4   Coursera Project Network         Beginner           4.6   \\n\",\n       \"\\n\",\n       \"                                          Course URL  \\\\\\n\",\n       \"0  https://www.coursera.org/learn/write-a-feature...   \\n\",\n       \"1  https://www.coursera.org/learn/canvas-analysis...   \\n\",\n       \"2  https://www.coursera.org/learn/silicon-thin-fi...   \\n\",\n       \"3  https://www.coursera.org/learn/operational-fin...   \\n\",\n       \"4  https://www.coursera.org/learn/single-table-sq...   \\n\",\n       \"\\n\",\n       \"                                  Course Description  \\\\\\n\",\n       \"0  Write a Full Length Feature Film Script  In th...   \\n\",\n       \"1  By the end of this guided project, you will be...   \\n\",\n       \"2  This course consists of a general presentation...   \\n\",\n       \"3  When it comes to numbers, there is always more...   \\n\",\n       \"4  In this course you\u00ef\u00bf\u00bdll learn how to effectively...   \\n\",\n       \"\\n\",\n       \"                                              Skills  \\n\",\n       \"0  Drama  Comedy  peering  screenwriting  film  D...  \\n\",\n       \"1  Finance  business plan  persona (user experien...  \\n\",\n       \"2  chemistry  physics  Solar Energy  film  lambda...  \\n\",\n       \"3  accounts receivable  dupont analysis  analysis...  \\n\",\n       \"4  Data Analysis  select (sql)  database manageme...  \"\n      ]\n     },\n     \"execution_count\": 100,\n     \"metadata\": {},\n     \"output_type\": \"execute_result\"\n    }\n   ],\n   \"source\": [\n    \"data = pd.read_csv(\\\"Coursera.csv\\\")\\n\",\n    \"data.head(5)\"\n   ]\n  },\n  {\n   \"cell_type\": \"code\",\n   \"execution_count\": 101,\n   \"id\": \"ec3dccb2-507a-43dc-a3a5-678bcdfb4d8a\",\n   \"metadata\": {},\n   \"outputs\": [\n    {\n     \"data\": {\n      \"text/plain\": [\n       \"(3522, 7)\"\n      ]\n     },\n     \"execution_count\": 101,\n     \"metadata\": {},\n     \"output_type\": \"execute_result\"\n    }\n   ],\n   \"source\": [\n    \"data.shape\"\n   ]\n  },\n  {\n   \"cell_type\": \"code\",\n   \"execution_count\": 102,\n   \"id\": \"4f62e1b9-5f16-4c21-8fcf-ec64414e9bb5\",\n   \"metadata\": {},\n   \"outputs\": [\n    {\n     \"name\": \"stdout\",\n     \"output_type\": \"stream\",\n     \"text\": [\n      \"<class 'pandas.core.frame.DataFrame'>\\n\",\n      \"RangeIndex: 3522 entries, 0 to 3521\\n\",\n      \"Data columns (total 7 columns):\\n\",\n      \" #   Column              Non-Null Count  Dtype \\n\",\n      \"---  ------              --------------  ----- \\n\",\n      \" 0   Course Name         3522 non-null   object\\n\",\n      \" 1   University          3522 non-null   object\\n\",\n      \" 2   Difficulty Level    3522 non-null   object\\n\",\n      \" 3   Course Rating       3522 non-null   object\\n\",\n      \" 4   Course URL          3522 non-null   object\\n\",\n      \" 5   Course Description  3522 non-null   object\\n\",\n      \" 6   Skills              3522 non-null   object\\n\",\n      \"dtypes: object(7)\\n\",\n      \"memory usage: 192.7+ KB\\n\"\n     ]\n    }\n   ],\n   \"source\": [\n    \"data.info()\"\n   ]\n  },\n  {\n   \"cell_type\": \"code\",\n   \"execution_count\": 103,\n   \"id\": \"ba64c1fa-865a-4f20-b6f2-2320993c4bc5\",\n   \"metadata\": {},\n   \"outputs\": [\n    {\n     \"data\": {\n      \"text/plain\": [\n       \"Course Name           0\\n\",\n       \"University            0\\n\",\n       \"Difficulty Level      0\\n\",\n       \"Course Rating         0\\n\",\n       \"Course URL            0\\n\",\n       \"Course Description    0\\n\",\n       \"Skills                0\\n\",\n       \"dtype: int64\"\n      ]\n     },\n     \"execution_count\": 103,\n     \"metadata\": {},\n     \"output_type\": \"execute_result\"\n    }\n   ],\n   \"source\": [\n    \"data.isnull().sum()\"\n   ]\n  },\n  {\n   \"cell_type\": \"code\",\n   \"execution_count\": 104,\n   \"id\": \"6fa92ef0-6f2e-4f11-904c-63d8426777b9\",\n   \"metadata\": {},\n   \"outputs\": [\n    {\n     \"data\": {\n      \"text/plain\": [\n       \"Difficulty Level\\n\",\n       \"Beginner          1444\\n\",\n       \"Advanced          1005\\n\",\n       \"Intermediate       837\\n\",\n       \"Conversant         186\\n\",\n       \"Not Calibrated      50\\n\",\n       \"Name: count, dtype: int64\"\n      ]\n     },\n     \"execution_count\": 104,\n     \"metadata\": {},\n     \"output_type\": \"execute_result\"\n    }\n   ],\n   \"source\": [\n    \"data['Difficulty Level'].value_counts()\"\n   ]\n  },\n  {\n   \"cell_type\": \"code\",\n   \"execution_count\": 105,\n   \"id\": \"ee967b09-73d7-426a-a9a7-f4bfb7d3885e\",\n   \"metadata\": {},\n   \"outputs\": [\n    {\n     \"data\": {\n      \"text/plain\": [\n       \"Course Rating\\n\",\n       \"4.7               740\\n\",\n       \"4.6               623\\n\",\n       \"4.8               598\\n\",\n       \"4.5               389\\n\",\n       \"4.4               242\\n\",\n       \"4.9               180\\n\",\n       \"4.3               165\\n\",\n       \"4.2               121\\n\",\n       \"5                  90\\n\",\n       \"4.1                85\\n\",\n       \"Not Calibrated     82\\n\",\n       \"4                  51\\n\",\n       \"3.8                24\\n\",\n       \"3.9                20\\n\",\n       \"3.6                18\\n\",\n       \"3.7                18\\n\",\n       \"3.5                17\\n\",\n       \"3.4                13\\n\",\n       \"3                  12\\n\",\n       \"3.2                 9\\n\",\n       \"3.3                 6\\n\",\n       \"2.9                 6\\n\",\n       \"2.6                 2\\n\",\n       \"2.8                 2\\n\",\n       \"2.4                 2\\n\",\n       \"1                   2\\n\",\n       \"2                   1\\n\",\n       \"3.1                 1\\n\",\n       \"2.5                 1\\n\",\n       \"1.9                 1\\n\",\n       \"2.3                 1\\n\",\n       \"Name: count, dtype: int64\"\n      ]\n     },\n     \"execution_count\": 105,\n     \"metadata\": {},\n     \"output_type\": \"execute_result\"\n    }\n   ],\n   \"source\": [\n    \"data['Course Rating'].value_counts()\"\n   ]\n  },\n  {\n   \"cell_type\": \"code\",\n   \"execution_count\": 106,\n   \"id\": \"ad24e31a-351d-42cf-a10a-661c4f83da13\",\n   \"metadata\": {},\n   \"outputs\": [\n    {\n     \"data\": {\n      \"text/plain\": [\n       \"University\\n\",\n       \"Coursera Project Network                      562\\n\",\n       \"University of Illinois at Urbana-Champaign    138\\n\",\n       \"Johns Hopkins University                      110\\n\",\n       \"University of Michigan                        101\\n\",\n       \"University of Colorado Boulder                101\\n\",\n       \"                                             ... \\n\",\n       \"GitLab                                          1\\n\",\n       \"Yeshiva University                              1\\n\",\n       \"University of Glasgow                           1\\n\",\n       \"Laureate Education                              1\\n\",\n       \"The World Bank Group                            1\\n\",\n       \"Name: count, Length: 184, dtype: int64\"\n      ]\n     },\n     \"execution_count\": 106,\n     \"metadata\": {},\n     \"output_type\": \"execute_result\"\n    }\n   ],\n   \"source\": [\n    \"data['University'].value_counts()\"\n   ]\n  },\n  {\n   \"cell_type\": \"code\",\n   \"execution_count\": 107,\n   \"id\": \"b0a2216b-288d-4089-baff-80ebf4ee0b8d\",\n   \"metadata\": {},\n   \"outputs\": [\n    {\n     \"data\": {\n      \"text/plain\": [\n       \"0       Write A Feature Length Screenplay For Film Or ...\\n\",\n       \"1       Business Strategy: Business Model Canvas Analy...\\n\",\n       \"2                           Silicon Thin Film Solar Cells\\n\",\n       \"3                                    Finance for Managers\\n\",\n       \"4            Retrieve Data using Single-Table SQL Queries\\n\",\n       \"                              ...                        \\n\",\n       \"3517    Capstone: Retrieving, Processing, and Visualiz...\\n\",\n       \"3518                     Patrick Henry: Forgotten Founder\\n\",\n       \"3519    Business intelligence and data analytics: Gene...\\n\",\n       \"3520                                  Rigid Body Dynamics\\n\",\n       \"3521    Architecting with Google Kubernetes Engine: Pr...\\n\",\n       \"Name: Course Name, Length: 3522, dtype: object\"\n      ]\n     },\n     \"execution_count\": 107,\n     \"metadata\": {},\n     \"output_type\": \"execute_result\"\n    }\n   ],\n   \"source\": [\n    \"data['Course Name']\"\n   ]\n  },\n  {\n   \"cell_type\": \"code\",\n   \"execution_count\": 108,\n   \"id\": \"c880d5f6-41e6-4350-8dff-f4683f97ba1f\",\n   \"metadata\": {},\n   \"outputs\": [],\n   \"source\": [\n    \"data = data[['Course Name','Difficulty Level','Course Description','Skills','University']]\"\n   ]\n  },\n  {\n   \"cell_type\": \"code\",\n   \"execution_count\": 109,\n   \"id\": \"e2b0c342-b10e-4ff2-9c2b-dd05d2b8e6ea\",\n   \"metadata\": {},\n   \"outputs\": [\n    {\n     \"data\": {\n      \"text/html\": [\n       \"<div>\\n\",\n       \"<style scoped>\\n\",\n       \"    .dataframe tbody tr th:only-of-type {\\n\",\n       \"        vertical-align: middle;\\n\",\n       \"    }\\n\",\n       \"\\n\",\n       \"    .dataframe tbody tr th {\\n\",\n       \"        vertical-align: top;\\n\",\n       \"    }\\n\",\n       \"\\n\",\n       \"    .dataframe thead th {\\n\",\n       \"        text-align: right;\\n\",\n       \"    }\\n\",\n       \"</style>\\n\",\n       \"<table border=\\\"1\\\" class=\\\"dataframe\\\">\\n\",\n       \"  <thead>\\n\",\n       \"    <tr style=\\\"text-align: right;\\\">\\n\",\n       \"      <th></th>\\n\",\n       \"      <th>Course Name</th>\\n\",\n       \"      <th>Difficulty Level</th>\\n\",\n       \"      <th>Course Description</th>\\n\",\n       \"      <th>Skills</th>\\n\",\n       \"      <th>University</th>\\n\",\n       \"    </tr>\\n\",\n       \"  </thead>\\n\",\n       \"  <tbody>\\n\",\n       \"    <tr>\\n\",\n       \"      <th>0</th>\\n\",\n       \"      <td>Write A Feature Length Screenplay For Film Or ...</td>\\n\",\n       \"      <td>Beginner</td>\\n\",\n       \"      <td>Write a Full Length Feature Film Script  In th...</td>\\n\",\n       \"      <td>Drama  Comedy  peering  screenwriting  film  D...</td>\\n\",\n       \"      <td>Michigan State University</td>\\n\",\n       \"    </tr>\\n\",\n       \"    <tr>\\n\",\n       \"      <th>1</th>\\n\",\n       \"      <td>Business Strategy: Business Model Canvas Analy...</td>\\n\",\n       \"      <td>Beginner</td>\\n\",\n       \"      <td>By the end of this guided project, you will be...</td>\\n\",\n       \"      <td>Finance  business plan  persona (user experien...</td>\\n\",\n       \"      <td>Coursera Project Network</td>\\n\",\n       \"    </tr>\\n\",\n       \"    <tr>\\n\",\n       \"      <th>2</th>\\n\",\n       \"      <td>Silicon Thin Film Solar Cells</td>\\n\",\n       \"      <td>Advanced</td>\\n\",\n       \"      <td>This course consists of a general presentation...</td>\\n\",\n       \"      <td>chemistry  physics  Solar Energy  film  lambda...</td>\\n\",\n       \"      <td>\u00ef\u00bf\u00bdcole Polytechnique</td>\\n\",\n       \"    </tr>\\n\",\n       \"    <tr>\\n\",\n       \"      <th>3</th>\\n\",\n       \"      <td>Finance for Managers</td>\\n\",\n       \"      <td>Intermediate</td>\\n\",\n       \"      <td>When it comes to numbers, there is always more...</td>\\n\",\n       \"      <td>accounts receivable  dupont analysis  analysis...</td>\\n\",\n       \"      <td>IESE Business School</td>\\n\",\n       \"    </tr>\\n\",\n       \"    <tr>\\n\",\n       \"      <th>4</th>\\n\",\n       \"      <td>Retrieve Data using Single-Table SQL Queries</td>\\n\",\n       \"      <td>Beginner</td>\\n\",\n       \"      <td>In this course you\u00ef\u00bf\u00bdll learn how to effectively...</td>\\n\",\n       \"      <td>Data Analysis  select (sql)  database manageme...</td>\\n\",\n       \"      <td>Coursera Project Network</td>\\n\",\n       \"    </tr>\\n\",\n       \"  </tbody>\\n\",\n       \"</table>\\n\",\n       \"</div>\"\n      ],\n      \"text/plain\": [\n       \"                                         Course Name Difficulty Level  \\\\\\n\",\n       \"0  Write A Feature Length Screenplay For Film Or ...         Beginner   \\n\",\n       \"1  Business Strategy: Business Model Canvas Analy...         Beginner   \\n\",\n       \"2                      Silicon Thin Film Solar Cells         Advanced   \\n\",\n       \"3                               Finance for Managers     Intermediate   \\n\",\n       \"4       Retrieve Data using Single-Table SQL Queries         Beginner   \\n\",\n       \"\\n\",\n       \"                                  Course Description  \\\\\\n\",\n       \"0  Write a Full Length Feature Film Script  In th...   \\n\",\n       \"1  By the end of this guided project, you will be...   \\n\",\n       \"2  This course consists of a general presentation...   \\n\",\n       \"3  When it comes to numbers, there is always more...   \\n\",\n       \"4  In this course you\u00ef\u00bf\u00bdll learn how to effectively...   \\n\",\n       \"\\n\",\n       \"                                              Skills  \\\\\\n\",\n       \"0  Drama  Comedy  peering  screenwriting  film  D...   \\n\",\n       \"1  Finance  business plan  persona (user experien...   \\n\",\n       \"2  chemistry  physics  Solar Energy  film  lambda...   \\n\",\n       \"3  accounts receivable  dupont analysis  analysis...   \\n\",\n       \"4  Data Analysis  select (sql)  database manageme...   \\n\",\n       \"\\n\",\n       \"                  University  \\n\",\n       \"0  Michigan State University  \\n\",\n       \"1   Coursera Project Network  \\n\",\n       \"2        \u00ef\u00bf\u00bdcole Polytechnique  \\n\",\n       \"3       IESE Business School  \\n\",\n       \"4   Coursera Project Network  \"\n      ]\n     },\n     \"execution_count\": 109,\n     \"metadata\": {},\n     \"output_type\": \"execute_result\"\n    }\n   ],\n   \"source\": [\n    \"data.head(5)\\n\"\n   ]\n  },\n  {\n   \"cell_type\": \"code\",\n   \"execution_count\": 110,\n   \"id\": \"e82eb829-dd6b-4c6d-90dc-da6cb7be3d69\",\n   \"metadata\": {},\n   \"outputs\": [],\n   \"source\": [\n    \"data['Course Name'] = data['Course Name'].str.replace(' ',',')\\n\",\n    \"data['Course Name'] = data['Course Name'].str.replace(',,',',')\\n\",\n    \"data['Course Name'] = data['Course Name'].str.replace(':','')\\n\",\n    \"data['Course Description'] = data['Course Description'].str.replace(' ',',')\\n\",\n    \"data['Course Description'] = data['Course Description'].str.replace(',,',',')\\n\",\n    \"data['Course Description'] = data['Course Description'].str.replace('_','')\\n\",\n    \"data['Course Description'] = data['Course Description'].str.replace(':','')\\n\",\n    \"data['Course Description'] = data['Course Description'].str.replace('(','')\\n\",\n    \"data['Course Description'] = data['Course Description'].str.replace(')','')\"\n   ]\n  },\n  {\n   \"cell_type\": \"code\",\n   \"execution_count\": 111,\n   \"id\": \"a1913c15-2d09-4621-9ae9-ea5b17a7983e\",\n   \"metadata\": {},\n   \"outputs\": [],\n   \"source\": [\n    \"#removing paranthesis from skills columns \\n\",\n    \"data['Skills'] = data['Skills'].str.replace('(','')\\n\",\n    \"data['Skills'] = data['Skills'].str.replace(')','')\"\n   ]\n  },\n  {\n   \"cell_type\": \"code\",\n   \"execution_count\": 112,\n   \"id\": \"95de8090-b44f-4f1b-93e1-338c60601bbc\",\n   \"metadata\": {},\n   \"outputs\": [\n    {\n     \"data\": {\n      \"text/html\": [\n       \"<div>\\n\",\n       \"<style scoped>\\n\",\n       \"    .dataframe tbody tr th:only-of-type {\\n\",\n       \"        vertical-align: middle;\\n\",\n       \"    }\\n\",\n       \"\\n\",\n       \"    .dataframe tbody tr th {\\n\",\n       \"        vertical-align: top;\\n\",\n       \"    }\\n\",\n       \"\\n\",\n       \"    .dataframe thead th {\\n\",\n       \"        text-align: right;\\n\",\n       \"    }\\n\",\n       \"</style>\\n\",\n       \"<table border=\\\"1\\\" class=\\\"dataframe\\\">\\n\",\n       \"  <thead>\\n\",\n       \"    <tr style=\\\"text-align: right;\\\">\\n\",\n       \"      <th></th>\\n\",\n       \"      <th>Course Name</th>\\n\",\n       \"      <th>Difficulty Level</th>\\n\",\n       \"      <th>Course Description</th>\\n\",\n       \"      <th>Skills</th>\\n\",\n       \"      <th>University</th>\\n\",\n       \"    </tr>\\n\",\n       \"  </thead>\\n\",\n       \"  <tbody>\\n\",\n       \"    <tr>\\n\",\n       \"      <th>0</th>\\n\",\n       \"      <td>Write,A,Feature,Length,Screenplay,For,Film,Or,...</td>\\n\",\n       \"      <td>Beginner</td>\\n\",\n       \"      <td>Write,a,Full,Length,Feature,Film,Script,In,thi...</td>\\n\",\n       \"      <td>Drama  Comedy  peering  screenwriting  film  D...</td>\\n\",\n       \"      <td>Michigan State University</td>\\n\",\n       \"    </tr>\\n\",\n       \"    <tr>\\n\",\n       \"      <th>1</th>\\n\",\n       \"      <td>Business,Strategy,Business,Model,Canvas,Analys...</td>\\n\",\n       \"      <td>Beginner</td>\\n\",\n       \"      <td>By,the,end,of,this,guided,project,you,will,be,...</td>\\n\",\n       \"      <td>Finance  business plan  persona user experienc...</td>\\n\",\n       \"      <td>Coursera Project Network</td>\\n\",\n       \"    </tr>\\n\",\n       \"    <tr>\\n\",\n       \"      <th>2</th>\\n\",\n       \"      <td>Silicon,Thin,Film,Solar,Cells</td>\\n\",\n       \"      <td>Advanced</td>\\n\",\n       \"      <td>This,course,consists,of,a,general,presentation...</td>\\n\",\n       \"      <td>chemistry  physics  Solar Energy  film  lambda...</td>\\n\",\n       \"      <td>\u00ef\u00bf\u00bdcole Polytechnique</td>\\n\",\n       \"    </tr>\\n\",\n       \"    <tr>\\n\",\n       \"      <th>3</th>\\n\",\n       \"      <td>Finance,for,Managers</td>\\n\",\n       \"      <td>Intermediate</td>\\n\",\n       \"      <td>When,it,comes,to,numbers,there,is,always,more,...</td>\\n\",\n       \"      <td>accounts receivable  dupont analysis  analysis...</td>\\n\",\n       \"      <td>IESE Business School</td>\\n\",\n       \"    </tr>\\n\",\n       \"    <tr>\\n\",\n       \"      <th>4</th>\\n\",\n       \"      <td>Retrieve,Data,using,Single-Table,SQL,Queries</td>\\n\",\n       \"      <td>Beginner</td>\\n\",\n       \"      <td>In,this,course,you\u00ef\u00bf\u00bdll,learn,how,to,effectively...</td>\\n\",\n       \"      <td>Data Analysis  select sql  database management...</td>\\n\",\n       \"      <td>Coursera Project Network</td>\\n\",\n       \"    </tr>\\n\",\n       \"  </tbody>\\n\",\n       \"</table>\\n\",\n       \"</div>\"\n      ],\n      \"text/plain\": [\n       \"                                         Course Name Difficulty Level  \\\\\\n\",\n       \"0  Write,A,Feature,Length,Screenplay,For,Film,Or,...         Beginner   \\n\",\n       \"1  Business,Strategy,Business,Model,Canvas,Analys...         Beginner   \\n\",\n       \"2                      Silicon,Thin,Film,Solar,Cells         Advanced   \\n\",\n       \"3                               Finance,for,Managers     Intermediate   \\n\",\n       \"4       Retrieve,Data,using,Single-Table,SQL,Queries         Beginner   \\n\",\n       \"\\n\",\n       \"                                  Course Description  \\\\\\n\",\n       \"0  Write,a,Full,Length,Feature,Film,Script,In,thi...   \\n\",\n       \"1  By,the,end,of,this,guided,project,you,will,be,...   \\n\",\n       \"2  This,course,consists,of,a,general,presentation...   \\n\",\n       \"3  When,it,comes,to,numbers,there,is,always,more,...   \\n\",\n       \"4  In,this,course,you\u00ef\u00bf\u00bdll,learn,how,to,effectively...   \\n\",\n       \"\\n\",\n       \"                                              Skills  \\\\\\n\",\n       \"0  Drama  Comedy  peering  screenwriting  film  D...   \\n\",\n       \"1  Finance  business plan  persona user experienc...   \\n\",\n       \"2  chemistry  physics  Solar Energy  film  lambda...   \\n\",\n       \"3  accounts receivable  dupont analysis  analysis...   \\n\",\n       \"4  Data Analysis  select sql  database management...   \\n\",\n       \"\\n\",\n       \"                  University  \\n\",\n       \"0  Michigan State University  \\n\",\n       \"1   Coursera Project Network  \\n\",\n       \"2        \u00ef\u00bf\u00bdcole Polytechnique  \\n\",\n       \"3       IESE Business School  \\n\",\n       \"4   Coursera Project Network  \"\n      ]\n     },\n     \"execution_count\": 112,\n     \"metadata\": {},\n     \"output_type\": \"execute_result\"\n    }\n   ],\n   \"source\": [\n    \"data.head(5)\"\n   ]\n  },\n  {\n   \"cell_type\": \"code\",\n   \"execution_count\": 113,\n   \"id\": \"fda4b39e-fe3a-4e0e-9f54-cd502ea4e4d5\",\n   \"metadata\": {},\n   \"outputs\": [],\n   \"source\": [\n    \"data['tags'] = data['University'] + data['Course Name'] + data['Difficulty Level'] + data['Course Description'] + data['Skills']\"\n   ]\n  },\n  {\n   \"cell_type\": \"code\",\n   \"execution_count\": 114,\n   \"id\": \"03e5e4ca-33b2-4635-bb91-db75215f2411\",\n   \"metadata\": {},\n   \"outputs\": [\n    {\n     \"data\": {\n      \"text/html\": [\n       \"<div>\\n\",\n       \"<style scoped>\\n\",\n       \"    .dataframe tbody tr th:only-of-type {\\n\",\n       \"        vertical-align: middle;\\n\",\n       \"    }\\n\",\n       \"\\n\",\n       \"    .dataframe tbody tr th {\\n\",\n       \"        vertical-align: top;\\n\",\n       \"    }\\n\",\n       \"\\n\",\n       \"    .dataframe thead th {\\n\",\n       \"        text-align: right;\\n\",\n       \"    }\\n\",\n       \"</style>\\n\",\n       \"<table border=\\\"1\\\" class=\\\"dataframe\\\">\\n\",\n       \"  <thead>\\n\",\n       \"    <tr style=\\\"text-align: right;\\\">\\n\",\n       \"      <th></th>\\n\",\n       \"      <th>Course Name</th>\\n\",\n       \"      <th>Difficulty Level</th>\\n\",\n       \"      <th>Course Description</th>\\n\",\n       \"      <th>Skills</th>\\n\",\n       \"      <th>University</th>\\n\",\n       \"      <th>tags</th>\\n\",\n       \"    </tr>\\n\",\n       \"  </thead>\\n\",\n       \"  <tbody>\\n\",\n       \"    <tr>\\n\",\n       \"      <th>0</th>\\n\",\n       \"      <td>Write,A,Feature,Length,Screenplay,For,Film,Or,...</td>\\n\",\n       \"      <td>Beginner</td>\\n\",\n       \"      <td>Write,a,Full,Length,Feature,Film,Script,In,thi...</td>\\n\",\n       \"      <td>Drama  Comedy  peering  screenwriting  film  D...</td>\\n\",\n       \"      <td>Michigan State University</td>\\n\",\n       \"      <td>Michigan State UniversityWrite,A,Feature,Lengt...</td>\\n\",\n       \"    </tr>\\n\",\n       \"    <tr>\\n\",\n       \"      <th>1</th>\\n\",\n       \"      <td>Business,Strategy,Business,Model,Canvas,Analys...</td>\\n\",\n       \"      <td>Beginner</td>\\n\",\n       \"      <td>By,the,end,of,this,guided,project,you,will,be,...</td>\\n\",\n       \"      <td>Finance  business plan  persona user experienc...</td>\\n\",\n       \"      <td>Coursera Project Network</td>\\n\",\n       \"      <td>Coursera Project NetworkBusiness,Strategy,Busi...</td>\\n\",\n       \"    </tr>\\n\",\n       \"    <tr>\\n\",\n       \"      <th>2</th>\\n\",\n       \"      <td>Silicon,Thin,Film,Solar,Cells</td>\\n\",\n       \"      <td>Advanced</td>\\n\",\n       \"      <td>This,course,consists,of,a,general,presentation...</td>\\n\",\n       \"      <td>chemistry  physics  Solar Energy  film  lambda...</td>\\n\",\n       \"      <td>\u00ef\u00bf\u00bdcole Polytechnique</td>\\n\",\n       \"      <td>\u00ef\u00bf\u00bdcole PolytechniqueSilicon,Thin,Film,Solar,Cel...</td>\\n\",\n       \"    </tr>\\n\",\n       \"    <tr>\\n\",\n       \"      <th>3</th>\\n\",\n       \"      <td>Finance,for,Managers</td>\\n\",\n       \"      <td>Intermediate</td>\\n\",\n       \"      <td>When,it,comes,to,numbers,there,is,always,more,...</td>\\n\",\n       \"      <td>accounts receivable  dupont analysis  analysis...</td>\\n\",\n       \"      <td>IESE Business School</td>\\n\",\n       \"      <td>IESE Business SchoolFinance,for,ManagersInterm...</td>\\n\",\n       \"    </tr>\\n\",\n       \"    <tr>\\n\",\n       \"      <th>4</th>\\n\",\n       \"      <td>Retrieve,Data,using,Single-Table,SQL,Queries</td>\\n\",\n       \"      <td>Beginner</td>\\n\",\n       \"      <td>In,this,course,you\u00ef\u00bf\u00bdll,learn,how,to,effectively...</td>\\n\",\n       \"      <td>Data Analysis  select sql  database management...</td>\\n\",\n       \"      <td>Coursera Project Network</td>\\n\",\n       \"      <td>Coursera Project NetworkRetrieve,Data,using,Si...</td>\\n\",\n       \"    </tr>\\n\",\n       \"  </tbody>\\n\",\n       \"</table>\\n\",\n       \"</div>\"\n      ],\n      \"text/plain\": [\n       \"                                         Course Name Difficulty Level  \\\\\\n\",\n       \"0  Write,A,Feature,Length,Screenplay,For,Film,Or,...         Beginner   \\n\",\n       \"1  Business,Strategy,Business,Model,Canvas,Analys...         Beginner   \\n\",\n       \"2                      Silicon,Thin,Film,Solar,Cells         Advanced   \\n\",\n       \"3                               Finance,for,Managers     Intermediate   \\n\",\n       \"4       Retrieve,Data,using,Single-Table,SQL,Queries         Beginner   \\n\",\n       \"\\n\",\n       \"                                  Course Description  \\\\\\n\",\n       \"0  Write,a,Full,Length,Feature,Film,Script,In,thi...   \\n\",\n       \"1  By,the,end,of,this,guided,project,you,will,be,...   \\n\",\n       \"2  This,course,consists,of,a,general,presentation...   \\n\",\n       \"3  When,it,comes,to,numbers,there,is,always,more,...   \\n\",\n       \"4  In,this,course,you\u00ef\u00bf\u00bdll,learn,how,to,effectively...   \\n\",\n       \"\\n\",\n       \"                                              Skills  \\\\\\n\",\n       \"0  Drama  Comedy  peering  screenwriting  film  D...   \\n\",\n       \"1  Finance  business plan  persona user experienc...   \\n\",\n       \"2  chemistry  physics  Solar Energy  film  lambda...   \\n\",\n       \"3  accounts receivable  dupont analysis  analysis...   \\n\",\n       \"4  Data Analysis  select sql  database management...   \\n\",\n       \"\\n\",\n       \"                  University  \\\\\\n\",\n       \"0  Michigan State University   \\n\",\n       \"1   Coursera Project Network   \\n\",\n       \"2        \u00ef\u00bf\u00bdcole Polytechnique   \\n\",\n       \"3       IESE Business School   \\n\",\n       \"4   Coursera Project Network   \\n\",\n       \"\\n\",\n       \"                                                tags  \\n\",\n       \"0  Michigan State UniversityWrite,A,Feature,Lengt...  \\n\",\n       \"1  Coursera Project NetworkBusiness,Strategy,Busi...  \\n\",\n       \"2  \u00ef\u00bf\u00bdcole PolytechniqueSilicon,Thin,Film,Solar,Cel...  \\n\",\n       \"3  IESE Business SchoolFinance,for,ManagersInterm...  \\n\",\n       \"4  Coursera Project NetworkRetrieve,Data,using,Si...  \"\n      ]\n     },\n     \"execution_count\": 114,\n     \"metadata\": {},\n     \"output_type\": \"execute_result\"\n    }\n   ],\n   \"source\": [\n    \"data.head(5)\"\n   ]\n  },\n  {\n   \"cell_type\": \"code\",\n   \"execution_count\": 115,\n   \"id\": \"43a8995b-e171-424b-ab4d-a91379541963\",\n   \"metadata\": {},\n   \"outputs\": [\n    {\n     \"data\": {\n      \"text/plain\": [\n       \"'Coursera Project NetworkBusiness,Strategy,Business,Model,Canvas,Analysis,with,MiroBeginnerBy,the,end,of,this,guided,project,you,will,be,fluent,in,identifying,and,creating,Business,Model,Canvas,solutions,based,on,previous,high-level,analyses,and,research,data.,This,will,enable,you,to,identify,and,map,the,elements,required,for,new,products,and,services.,Furthermore,it,is,essential,for,generating,positive,results,for,your,business,venture.,This,guided,project,is,designed,to,engage,and,harness,your,visionary,and,exploratory,abilities.,You,will,use,proven,models,in,strategy,and,product,development,with,the,Miro,platform,to,explore,and,analyse,your,business,propositions.,,We,will,practice,critically,examining,results,from,previous,analysis,and,research,results,in,deriving,the,values,for,each,of,the,business,model,sections.Finance  business plan  persona user experience  business model canvas  Planning  Business  project  Product Development  presentation  Strategy business business-strategy'\"\n      ]\n     },\n     \"execution_count\": 115,\n     \"metadata\": {},\n     \"output_type\": \"execute_result\"\n    }\n   ],\n   \"source\": [\n    \"data['tags'].iloc[1]\"\n   ]\n  },\n  {\n   \"cell_type\": \"code\",\n   \"execution_count\": 116,\n   \"id\": \"7c6bfd75-9da4-4a96-bef2-0bd032a57392\",\n   \"metadata\": {},\n   \"outputs\": [],\n   \"source\": [\n    \"new_df = data[['Course Name','tags','University']]\"\n   ]\n  },\n  {\n   \"cell_type\": \"code\",\n   \"execution_count\": 117,\n   \"id\": \"761645d6-1238-4bee-845a-2cf5b987466e\",\n   \"metadata\": {},\n   \"outputs\": [\n    {\n     \"data\": {\n      \"text/html\": [\n       \"<div>\\n\",\n       \"<style scoped>\\n\",\n       \"    .dataframe tbody tr th:only-of-type {\\n\",\n       \"        vertical-align: middle;\\n\",\n       \"    }\\n\",\n       \"\\n\",\n       \"    .dataframe tbody tr th {\\n\",\n       \"        vertical-align: top;\\n\",\n       \"    }\\n\",\n       \"\\n\",\n       \"    .dataframe thead th {\\n\",\n       \"        text-align: right;\\n\",\n       \"    }\\n\",\n       \"</style>\\n\",\n       \"<table border=\\\"1\\\" class=\\\"dataframe\\\">\\n\",\n       \"  <thead>\\n\",\n       \"    <tr style=\\\"text-align: right;\\\">\\n\",\n       \"      <th></th>\\n\",\n       \"      <th>Course Name</th>\\n\",\n       \"      <th>tags</th>\\n\",\n       \"      <th>University</th>\\n\",\n       \"    </tr>\\n\",\n       \"  </thead>\\n\",\n       \"  <tbody>\\n\",\n       \"    <tr>\\n\",\n       \"      <th>0</th>\\n\",\n       \"      <td>Write,A,Feature,Length,Screenplay,For,Film,Or,...</td>\\n\",\n       \"      <td>Michigan State UniversityWrite,A,Feature,Lengt...</td>\\n\",\n       \"      <td>Michigan State University</td>\\n\",\n       \"    </tr>\\n\",\n       \"    <tr>\\n\",\n       \"      <th>1</th>\\n\",\n       \"      <td>Business,Strategy,Business,Model,Canvas,Analys...</td>\\n\",\n       \"      <td>Coursera Project NetworkBusiness,Strategy,Busi...</td>\\n\",\n       \"      <td>Coursera Project Network</td>\\n\",\n       \"    </tr>\\n\",\n       \"    <tr>\\n\",\n       \"      <th>2</th>\\n\",\n       \"      <td>Silicon,Thin,Film,Solar,Cells</td>\\n\",\n       \"      <td>\u00ef\u00bf\u00bdcole PolytechniqueSilicon,Thin,Film,Solar,Cel...</td>\\n\",\n       \"      <td>\u00ef\u00bf\u00bdcole Polytechnique</td>\\n\",\n       \"    </tr>\\n\",\n       \"    <tr>\\n\",\n       \"      <th>3</th>\\n\",\n       \"      <td>Finance,for,Managers</td>\\n\",\n       \"      <td>IESE Business SchoolFinance,for,ManagersInterm...</td>\\n\",\n       \"      <td>IESE Business School</td>\\n\",\n       \"    </tr>\\n\",\n       \"    <tr>\\n\",\n       \"      <th>4</th>\\n\",\n       \"      <td>Retrieve,Data,using,Single-Table,SQL,Queries</td>\\n\",\n       \"      <td>Coursera Project NetworkRetrieve,Data,using,Si...</td>\\n\",\n       \"      <td>Coursera Project Network</td>\\n\",\n       \"    </tr>\\n\",\n       \"  </tbody>\\n\",\n       \"</table>\\n\",\n       \"</div>\"\n      ],\n      \"text/plain\": [\n       \"                                         Course Name  \\\\\\n\",\n       \"0  Write,A,Feature,Length,Screenplay,For,Film,Or,...   \\n\",\n       \"1  Business,Strategy,Business,Model,Canvas,Analys...   \\n\",\n       \"2                      Silicon,Thin,Film,Solar,Cells   \\n\",\n       \"3                               Finance,for,Managers   \\n\",\n       \"4       Retrieve,Data,using,Single-Table,SQL,Queries   \\n\",\n       \"\\n\",\n       \"                                                tags  \\\\\\n\",\n       \"0  Michigan State UniversityWrite,A,Feature,Lengt...   \\n\",\n       \"1  Coursera Project NetworkBusiness,Strategy,Busi...   \\n\",\n       \"2  \u00ef\u00bf\u00bdcole PolytechniqueSilicon,Thin,Film,Solar,Cel...   \\n\",\n       \"3  IESE Business SchoolFinance,for,ManagersInterm...   \\n\",\n       \"4  Coursera Project NetworkRetrieve,Data,using,Si...   \\n\",\n       \"\\n\",\n       \"                  University  \\n\",\n       \"0  Michigan State University  \\n\",\n       \"1   Coursera Project Network  \\n\",\n       \"2        \u00ef\u00bf\u00bdcole Polytechnique  \\n\",\n       \"3       IESE Business School  \\n\",\n       \"4   Coursera Project Network  \"\n      ]\n     },\n     \"execution_count\": 117,\n     \"metadata\": {},\n     \"output_type\": \"execute_result\"\n    }\n   ],\n   \"source\": [\n    \"new_df.head(5)\"\n   ]\n  },\n  {\n   \"cell_type\": \"code\",\n   \"execution_count\": 118,\n   \"id\": \"1d71a0d5-e9ee-45e2-aa72-6fdfe8440a9e\",\n   \"metadata\": {},\n   \"outputs\": [\n    {\n     \"name\": \"stderr\",\n     \"output_type\": \"stream\",\n     \"text\": [\n      \"C:\\\\Users\\\\HP\\\\AppData\\\\Local\\\\Temp\\\\ipykernel_22268\\\\3366302733.py:1: SettingWithCopyWarning: \\n\",\n      \"A value is trying to be set on a copy of a slice from a DataFrame.\\n\",\n      \"Try using .loc[row_indexer,col_indexer] = value instead\\n\",\n      \"\\n\",\n      \"See the caveats in the documentation: https://pandas.pydata.org/pandas-docs/stable/user_guide/indexing.html#returning-a-view-versus-a-copy\\n\",\n      \"  new_df['tags'] = data['tags'].str.replace(',',' ')\\n\"\n     ]\n    }\n   ],\n   \"source\": [\n    \"new_df['tags'] = data['tags'].str.replace(',',' ')\"\n   ]\n  },\n  {\n   \"cell_type\": \"code\",\n   \"execution_count\": 119,\n   \"id\": \"f5d84015-1940-4b99-a4e0-a3d8b4301dd4\",\n   \"metadata\": {},\n   \"outputs\": [\n    {\n     \"name\": \"stderr\",\n     \"output_type\": \"stream\",\n     \"text\": [\n      \"C:\\\\Users\\\\HP\\\\AppData\\\\Local\\\\Temp\\\\ipykernel_22268\\\\1395081966.py:1: SettingWithCopyWarning: \\n\",\n      \"A value is trying to be set on a copy of a slice from a DataFrame.\\n\",\n      \"Try using .loc[row_indexer,col_indexer] = value instead\\n\",\n      \"\\n\",\n      \"See the caveats in the documentation: https://pandas.pydata.org/pandas-docs/stable/user_guide/indexing.html#returning-a-view-versus-a-copy\\n\",\n      \"  new_df['Course Name'] = data['Course Name'].str.replace(',',' ')\\n\"\n     ]\n    }\n   ],\n   \"source\": [\n    \"new_df['Course Name'] = data['Course Name'].str.replace(',',' ')\"\n   ]\n  },\n  {\n   \"cell_type\": \"code\",\n   \"execution_count\": 120,\n   \"id\": \"b65c2c38-184c-4de0-a59f-c4d784e07490\",\n   \"metadata\": {},\n   \"outputs\": [\n    {\n     \"name\": \"stderr\",\n     \"output_type\": \"stream\",\n     \"text\": [\n      \"C:\\\\Users\\\\HP\\\\AppData\\\\Local\\\\Temp\\\\ipykernel_22268\\\\2809988695.py:1: SettingWithCopyWarning: \\n\",\n      \"A value is trying to be set on a copy of a slice from a DataFrame\\n\",\n      \"\\n\",\n      \"See the caveats in the documentation: https://pandas.pydata.org/pandas-docs/stable/user_guide/indexing.html#returning-a-view-versus-a-copy\\n\",\n      \"  new_df.rename(columns = {'Course Name':'course_name'}, inplace = True)\\n\"\n     ]\n    }\n   ],\n   \"source\": [\n    \"new_df.rename(columns = {'Course Name':'course_name'}, inplace = True)\"\n   ]\n  },\n  {\n   \"cell_type\": \"code\",\n   \"execution_count\": 121,\n   \"id\": \"14bfb545-94aa-4279-ac21-e048a4948b13\",\n   \"metadata\": {},\n   \"outputs\": [\n    {\n     \"name\": \"stderr\",\n     \"output_type\": \"stream\",\n     \"text\": [\n      \"C:\\\\Users\\\\HP\\\\AppData\\\\Local\\\\Temp\\\\ipykernel_22268\\\\3214958533.py:1: SettingWithCopyWarning: \\n\",\n      \"A value is trying to be set on a copy of a slice from a DataFrame.\\n\",\n      \"Try using .loc[row_indexer,col_indexer] = value instead\\n\",\n      \"\\n\",\n      \"See the caveats in the documentation: https://pandas.pydata.org/pandas-docs/stable/user_guide/indexing.html#returning-a-view-versus-a-copy\\n\",\n      \"  new_df['tags'] = new_df['tags'].apply(lambda x:x.lower())\\n\"\n     ]\n    }\n   ],\n   \"source\": [\n    \"new_df['tags'] = new_df['tags'].apply(lambda x:x.lower())\"\n   ]\n  },\n  {\n   \"cell_type\": \"code\",\n   \"execution_count\": 122,\n   \"id\": \"a2fa6e29-93f3-48d3-8c21-2299fbc6cc3b\",\n   \"metadata\": {},\n   \"outputs\": [\n    {\n     \"data\": {\n      \"text/html\": [\n       \"<div>\\n\",\n       \"<style scoped>\\n\",\n       \"    .dataframe tbody tr th:only-of-type {\\n\",\n       \"        vertical-align: middle;\\n\",\n       \"    }\\n\",\n       \"\\n\",\n       \"    .dataframe tbody tr th {\\n\",\n       \"        vertical-align: top;\\n\",\n       \"    }\\n\",\n       \"\\n\",\n       \"    .dataframe thead th {\\n\",\n       \"        text-align: right;\\n\",\n       \"    }\\n\",\n       \"</style>\\n\",\n       \"<table border=\\\"1\\\" class=\\\"dataframe\\\">\\n\",\n       \"  <thead>\\n\",\n       \"    <tr style=\\\"text-align: right;\\\">\\n\",\n       \"      <th></th>\\n\",\n       \"      <th>course_name</th>\\n\",\n       \"      <th>tags</th>\\n\",\n       \"      <th>University</th>\\n\",\n       \"    </tr>\\n\",\n       \"  </thead>\\n\",\n       \"  <tbody>\\n\",\n       \"    <tr>\\n\",\n       \"      <th>0</th>\\n\",\n       \"      <td>Write A Feature Length Screenplay For Film Or ...</td>\\n\",\n       \"      <td>michigan state universitywrite a feature lengt...</td>\\n\",\n       \"      <td>Michigan State University</td>\\n\",\n       \"    </tr>\\n\",\n       \"    <tr>\\n\",\n       \"      <th>1</th>\\n\",\n       \"      <td>Business Strategy Business Model Canvas Analys...</td>\\n\",\n       \"      <td>coursera project networkbusiness strategy busi...</td>\\n\",\n       \"      <td>Coursera Project Network</td>\\n\",\n       \"    </tr>\\n\",\n       \"    <tr>\\n\",\n       \"      <th>2</th>\\n\",\n       \"      <td>Silicon Thin Film Solar Cells</td>\\n\",\n       \"      <td>\u00ef\u00bf\u00bdcole polytechniquesilicon thin film solar cel...</td>\\n\",\n       \"      <td>\u00ef\u00bf\u00bdcole Polytechnique</td>\\n\",\n       \"    </tr>\\n\",\n       \"    <tr>\\n\",\n       \"      <th>3</th>\\n\",\n       \"      <td>Finance for Managers</td>\\n\",\n       \"      <td>iese business schoolfinance for managersinterm...</td>\\n\",\n       \"      <td>IESE Business School</td>\\n\",\n       \"    </tr>\\n\",\n       \"    <tr>\\n\",\n       \"      <th>4</th>\\n\",\n       \"      <td>Retrieve Data using Single-Table SQL Queries</td>\\n\",\n       \"      <td>coursera project networkretrieve data using si...</td>\\n\",\n       \"      <td>Coursera Project Network</td>\\n\",\n       \"    </tr>\\n\",\n       \"  </tbody>\\n\",\n       \"</table>\\n\",\n       \"</div>\"\n      ],\n      \"text/plain\": [\n       \"                                         course_name  \\\\\\n\",\n       \"0  Write A Feature Length Screenplay For Film Or ...   \\n\",\n       \"1  Business Strategy Business Model Canvas Analys...   \\n\",\n       \"2                      Silicon Thin Film Solar Cells   \\n\",\n       \"3                               Finance for Managers   \\n\",\n       \"4       Retrieve Data using Single-Table SQL Queries   \\n\",\n       \"\\n\",\n       \"                                                tags  \\\\\\n\",\n       \"0  michigan state universitywrite a feature lengt...   \\n\",\n       \"1  coursera project networkbusiness strategy busi...   \\n\",\n       \"2  \u00ef\u00bf\u00bdcole polytechniquesilicon thin film solar cel...   \\n\",\n       \"3  iese business schoolfinance for managersinterm...   \\n\",\n       \"4  coursera project networkretrieve data using si...   \\n\",\n       \"\\n\",\n       \"                  University  \\n\",\n       \"0  Michigan State University  \\n\",\n       \"1   Coursera Project Network  \\n\",\n       \"2        \u00ef\u00bf\u00bdcole Polytechnique  \\n\",\n       \"3       IESE Business School  \\n\",\n       \"4   Coursera Project Network  \"\n      ]\n     },\n     \"execution_count\": 122,\n     \"metadata\": {},\n     \"output_type\": \"execute_result\"\n    }\n   ],\n   \"source\": [\n    \"new_df.head(5)\"\n   ]\n  },\n  {\n   \"cell_type\": \"code\",\n   \"execution_count\": 123,\n   \"id\": \"a64553a8-5b73-4c15-8d13-a790eb205190\",\n   \"metadata\": {},\n   \"outputs\": [\n    {\n     \"data\": {\n      \"text/plain\": [\n       \"(3522, 3)\"\n      ]\n     },\n     \"execution_count\": 123,\n     \"metadata\": {},\n     \"output_type\": \"execute_result\"\n    }\n   ],\n   \"source\": [\n    \"new_df.shape\"\n   ]\n  },\n  {\n   \"cell_type\": \"code\",\n   \"execution_count\": 124,\n   \"id\": \"4c428863-fb98-452f-934a-79a965cc2c39\",\n   \"metadata\": {},\n   \"outputs\": [],\n   \"source\": [\n    \"from sklearn.feature_extraction.text import CountVectorizer\"\n   ]\n  },\n  {\n   \"cell_type\": \"code\",\n   \"execution_count\": 125,\n   \"id\": \"30c56b6c-2887-4915-b4ed-20ab4f7a30fb\",\n   \"metadata\": {},\n   \"outputs\": [],\n   \"source\": [\n    \"cv = CountVectorizer(max_features=5000,stop_words='english')\"\n   ]\n  },\n  {\n   \"cell_type\": \"code\",\n   \"execution_count\": 126,\n   \"id\": \"83b05a54-6ce1-4558-b173-379c6fe8bb2c\",\n   \"metadata\": {},\n   \"outputs\": [],\n   \"source\": [\n    \"vectors = cv.fit_transform(new_df['tags']).toarray()\"\n   ]\n  },\n  {\n   \"cell_type\": \"code\",\n   \"execution_count\": 127,\n   \"id\": \"fdda5c42-d30c-4996-9dae-66c0ff7cb04a\",\n   \"metadata\": {},\n   \"outputs\": [],\n   \"source\": [\n    \"import nltk\"\n   ]\n  },\n  {\n   \"cell_type\": \"code\",\n   \"execution_count\": 128,\n   \"id\": \"2d3031c0-728b-40ec-ad2e-249fc0bb365c\",\n   \"metadata\": {},\n   \"outputs\": [],\n   \"source\": [\n    \"from nltk.stem.porter import PorterStemmer\\n\",\n    \"ps = PorterStemmer()\"\n   ]\n  },\n  {\n   \"cell_type\": \"code\",\n   \"execution_count\": 129,\n   \"id\": \"4dc03fe5-f0df-4a9f-85e9-25fcb44ab7fd\",\n   \"metadata\": {},\n   \"outputs\": [],\n   \"source\": [\n    \"def stem(text):\\n\",\n    \"    y=[]\\n\",\n    \"    \\n\",\n    \"    for i in text.split():\\n\",\n    \"        y.append(ps.stem(i))\\n\",\n    \"    \\n\",\n    \"    return \\\" \\\".join(y)\"\n   ]\n  },\n  {\n   \"cell_type\": \"code\",\n   \"execution_count\": 130,\n   \"id\": \"3801eb5b-ae8d-415f-9cf5-ea6bddff3eb1\",\n   \"metadata\": {},\n   \"outputs\": [\n    {\n     \"name\": \"stderr\",\n     \"output_type\": \"stream\",\n     \"text\": [\n      \"C:\\\\Users\\\\HP\\\\AppData\\\\Local\\\\Temp\\\\ipykernel_22268\\\\3730571834.py:1: SettingWithCopyWarning: \\n\",\n      \"A value is trying to be set on a copy of a slice from a DataFrame.\\n\",\n      \"Try using .loc[row_indexer,col_indexer] = value instead\\n\",\n      \"\\n\",\n      \"See the caveats in the documentation: https://pandas.pydata.org/pandas-docs/stable/user_guide/indexing.html#returning-a-view-versus-a-copy\\n\",\n      \"  new_df['tags'] = new_df['tags'].apply(stem)\\n\"\n     ]\n    }\n   ],\n   \"source\": [\n    \"new_df['tags'] = new_df['tags'].apply(stem) \"\n   ]\n  },\n  {\n   \"cell_type\": \"code\",\n   \"execution_count\": 131,\n   \"id\": \"ac7a7b5b-4b1b-44f0-8d3e-80f186562b69\",\n   \"metadata\": {},\n   \"outputs\": [],\n   \"source\": [\n    \"from sklearn.metrics.pairwise import cosine_similarity\"\n   ]\n  },\n  {\n   \"cell_type\": \"code\",\n   \"execution_count\": 132,\n   \"id\": \"060a0496-cd0d-4a3f-94e9-3ab88c2f57ad\",\n   \"metadata\": {},\n   \"outputs\": [],\n   \"source\": [\n    \"similarity = cosine_similarity(vectors)\"\n   ]\n  },\n  {\n   \"cell_type\": \"code\",\n   \"execution_count\": 133,\n   \"id\": \"c82f69cc-2371-455c-9387-9fe61487f248\",\n   \"metadata\": {},\n   \"outputs\": [],\n   \"source\": [\n    \"def recommend(course):\\n\",\n    \"    course_index = new_df[new_df['course_name'] == course].index[0]\\n\",\n    \"    distances = similarity[course_index]\\n\",\n    \"    course_list = sorted(list(enumerate(distances)),reverse=True, key=lambda x:x[1])[1:7]\\n\",\n    \"    \\n\",\n    \"    for i in course_list:\\n\",\n    \"        print(new_df.iloc[i[0]].course_name)\\n\",\n    \"        print(new_df.iloc[i[0]].University)\"\n   ]\n  },\n  {\n   \"cell_type\": \"code\",\n   \"execution_count\": 134,\n   \"id\": \"12fd3ed0-2843-44ae-8251-875a3cb58a28\",\n   \"metadata\": {},\n   \"outputs\": [\n    {\n     \"name\": \"stdout\",\n     \"output_type\": \"stream\",\n     \"text\": [\n      \"Physics of silicon solar cells\\n\",\n      \"\u00ef\u00bf\u00bdcole Polytechnique\\n\",\n      \"Introduction to solar cells\\n\",\n      \"Technical University of Denmark (DTU)\\n\",\n      \"Organic Solar Cells - Theory and Practice\\n\",\n      \"Technical University of Denmark (DTU)\\n\",\n      \"Solar Energy Systems Overview\\n\",\n      \"The State University of New York\\n\",\n      \"Photovoltaic solar energy\\n\",\n      \"\u00ef\u00bf\u00bdcole Polytechnique\\n\",\n      \"Solar Energy Basics\\n\",\n      \"The State University of New York\\n\"\n     ]\n    }\n   ],\n   \"source\": [\n    \"recommend('Silicon Thin Film Solar Cells')\"\n   ]\n  },\n  {\n   \"cell_type\": \"code\",\n   \"execution_count\": 135,\n   \"id\": \"bf6eac01-07c1-46ab-afbd-6745d6c83e84\",\n   \"metadata\": {},\n   \"outputs\": [],\n   \"source\": [\n    \"import pickle\"\n   ]\n  },\n  {\n   \"cell_type\": \"code\",\n   \"execution_count\": 136,\n   \"id\": \"fe4d56e1-0c38-464c-9b59-c7c20fcff925\",\n   \"metadata\": {},\n   \"outputs\": [],\n   \"source\": [\n    \"pickle.dump(similarity,open('similarity.pkl','wb'))\\n\",\n    \"pickle.dump(new_df.to_dict(),open('course_list.pkl','wb')) \\n\",\n    \"pickle.dump(new_df,open('courses.pkl','wb'))\"\n   ]\n  },\n  {\n   \"cell_type\": \"code\",\n   \"execution_count\": null,\n   \"id\": \"68974b10-b9a6-4f83-a600-74e3218e0b90\",\n   \"metadata\": {},\n   \"outputs\": [],\n   \"source\": []\n  }\n ],\n \"metadata\": {\n  \"kernelspec\": {\n   \"display_name\": \"Python 3 (ipykernel)\",\n   \"language\": \"python\",\n   \"name\": \"python3\"\n  },\n  \"language_info\": {\n   \"codemirror_mode\": {\n    \"name\": \"ipython\",\n    \"version\": 3\n   },\n   \"file_extension\": \".py\",\n   \"mimetype\": \"text/x-python\",\n   \"name\": \"python\",\n   \"nbconvert_exporter\": \"python\",\n   \"pygments_lexer\": \"ipython3\",\n   \"version\": \"3.11.0\"\n  }\n },\n \"nbformat\": 4,\n \"nbformat_minor\": 5\n}\n"
}